seed,kind,cohort,households,controlled_load_presence_fraction,capacity_generation_spearman,consumption_generation_spearman
11,real,solar,360,0.4388888888888889,0.7730265161059204,0.21876789172755962
11,real,non-solar,609,0.48932676518883417,,
11,synthetic,solar,360,0.44722222222222224,0.731882542780686,0.18704804487896484
11,synthetic,non-solar,609,0.458128078817734,,
23,real,solar,360,0.4388888888888889,0.7730265161059204,0.21876789172755962
23,real,non-solar,609,0.48932676518883417,,
23,synthetic,solar,360,0.45555555555555555,0.7052683995417166,0.13479593044673277
23,synthetic,non-solar,609,0.4794745484400657,,
37,real,solar,360,0.4388888888888889,0.7730265161059204,0.21876789172755962
37,real,non-solar,609,0.48932676518883417,,
37,synthetic,solar,360,0.45555555555555555,0.7023218433010157,0.12852067586174018
37,synthetic,non-solar,609,0.46798029556650245,,
