household_id,split,usable_months_2011_2013,complete_36_months
solar_1,train,36,True
solar_10,validation,36,True
solar_100,train,36,True
solar_103,train,36,True
solar_104,test,35,False
solar_105,test,36,True
solar_106,train,36,True
solar_11,train,36,True
solar_110,validation,35,False
solar_113,train,36,True
solar_114,train,36,True
solar_118,train,36,True
solar_119,test,36,True
solar_12,train,36,True
solar_120,train,36,True
solar_121,train,36,True
solar_123,train,36,True
solar_124,validation,36,True
solar_125,train,36,True
solar_126,train,36,True
solar_128,train,36,True
solar_129,test,36,True
solar_13,train,36,True
solar_130,train,36,True
solar_131,test,32,False
solar_132,train,36,True
solar_133,train,36,True
solar_134,train,36,True
solar_135,train,36,True
solar_137,validation,36,True
solar_138,train,32,False
solar_139,train,36,True
solar_14,test,36,True
solar_141,test,36,True
solar_142,train,36,True
solar_143,validation,36,True
solar_144,train,36,True
solar_145,train,36,True
solar_147,train,36,True
solar_148,train,29,False
solar_149,train,36,True
solar_150,train,31,False
solar_152,train,36,True
solar_153,train,36,True
solar_155,test,36,True
solar_157,validation,36,True
solar_158,train,36,True
solar_159,train,36,True
solar_16,train,36,True
solar_161,train,36,True
solar_163,train,36,True
solar_164,train,33,False
solar_165,test,33,False
solar_166,train,36,True
solar_167,train,36,True
solar_168,train,34,False
solar_169,validation,36,True
solar_17,train,36,True
solar_170,train,36,True
solar_171,train,28,False
solar_173,train,36,True
solar_175,train,32,False
solar_176,test,36,True
solar_18,validation,36,True
solar_180,test,36,True
solar_182,train,36,True
solar_183,train,36,True
solar_184,validation,36,True
solar_186,validation,33,False
solar_188,validation,34,False
solar_189,train,35,False
solar_192,train,36,True
solar_193,validation,35,False
solar_194,test,32,False
solar_195,validation,36,True
solar_196,train,36,True
solar_199,train,36,True
solar_2,train,30,False
solar_20,train,32,False
solar_201,train,36,True
solar_202,train,32,False
solar_203,train,36,True
solar_204,train,36,True
solar_205,train,36,True
solar_206,validation,36,True
solar_207,train,36,True
solar_208,train,36,True
solar_21,train,29,False
solar_210,train,36,True
solar_211,validation,36,True
solar_212,train,36,True
solar_214,train,36,True
solar_217,train,33,False
solar_218,validation,36,True
solar_219,train,36,True
solar_220,train,34,False
solar_221,train,34,False
solar_222,train,36,True
solar_223,validation,33,False
solar_224,validation,33,False
solar_226,train,36,True
solar_229,train,31,False
solar_23,test,36,True
solar_231,train,36,True
solar_232,train,30,False
solar_235,validation,36,True
solar_236,test,35,False
solar_239,train,36,True
solar_24,train,36,True
solar_241,validation,36,True
solar_242,train,36,True
solar_243,train,36,True
solar_244,train,36,True
solar_245,train,36,True
solar_246,train,36,True
solar_247,train,36,True
solar_248,train,36,True
solar_249,test,36,True
solar_250,train,36,True
solar_252,train,36,True
solar_253,train,36,True
solar_254,test,36,True
solar_255,train,36,True
solar_258,train,35,False
solar_26,train,36,True
solar_261,train,36,True
solar_263,test,36,True
solar_264,train,36,True
solar_265,train,31,False
solar_266,train,34,False
solar_270,train,36,True
solar_273,train,36,True
solar_275,train,32,False
solar_276,train,36,True
solar_278,test,36,True
solar_280,validation,36,True
solar_281,validation,36,True
solar_282,validation,36,True
solar_283,train,36,True
solar_284,train,36,True
solar_285,test,36,True
solar_286,test,36,True
solar_287,train,36,True
solar_288,train,36,True
solar_289,validation,32,False
solar_29,train,36,True
solar_292,train,34,False
solar_294,train,36,True
solar_297,train,36,True
solar_298,validation,33,False
solar_3,train,36,True
solar_30,train,36,True
solar_300,validation,34,False
solar_32,train,36,True
solar_33,train,36,True
solar_35,train,21,False
solar_36,train,36,True
solar_37,train,35,False
solar_38,test,36,True
solar_39,train,34,False
solar_4,train,36,True
solar_42,test,36,True
solar_43,train,36,True
solar_44,test,36,True
solar_46,test,36,True
solar_48,train,36,True
solar_50,test,33,False
solar_51,train,36,True
solar_52,train,36,True
solar_53,train,36,True
solar_55,test,36,True
solar_56,train,36,True
solar_58,train,36,True
solar_59,train,36,True
solar_6,train,36,True
solar_60,train,36,True
solar_61,validation,36,True
solar_62,validation,34,False
solar_64,validation,34,False
solar_65,train,32,False
solar_66,train,33,False
solar_67,validation,36,True
solar_68,train,36,True
solar_69,test,36,True
solar_7,test,36,True
solar_70,train,36,True
solar_71,train,36,True
solar_72,validation,33,False
solar_73,train,36,True
solar_75,train,36,True
solar_76,train,36,True
solar_77,train,35,False
solar_78,train,32,False
solar_79,train,36,True
solar_8,train,36,True
solar_81,train,36,True
solar_82,train,36,True
solar_83,train,35,False
solar_87,train,36,True
solar_91,train,36,True
solar_92,test,36,True
solar_94,train,36,True
solar_95,train,36,True
solar_97,test,36,True
