seed,epoch,training_loss,validation_loss,base,controlled,generation,gate,kl
11,1,2.8272364934285483,2.2343192100524902,0.6327877640724182,0.23934654891490936,0.23648925125598907,0.4420933425426483,33.102256774902344
11,2,1.0028210149870977,1.8737902641296387,0.41298118233680725,0.12659086287021637,0.13695597648620605,0.243913471698761,37.469608306884766
11,3,0.8115184704462687,1.4453835487365723,0.38379913568496704,0.0923379585146904,0.11086592823266983,0.16618779301643372,26.950807571411133
11,4,0.7359364363882277,1.189711570739746,0.3631242513656616,0.08338204026222229,0.09977728128433228,0.14573515951633453,19.990245819091797
11,5,0.6936581598387824,1.0409339666366577,0.34387072920799255,0.07771944254636765,0.09347622841596603,0.13247308135032654,16.20418930053711
11,6,0.6620690888828702,0.9534798860549927,0.3212582468986511,0.07067254930734634,0.09037740528583527,0.11425210535526276,14.563200950622559
11,7,0.6350570966800054,0.8763137459754944,0.3003077208995819,0.06711643189191818,0.08607624471187592,0.1132887601852417,12.960890769958496
11,8,0.6174786885579427,0.8345388174057007,0.28351128101348877,0.0647091269493103,0.08341147750616074,0.110123410820961,12.328997611999512
11,9,0.6011227965354919,0.7981603145599365,0.26803451776504517,0.06049320846796036,0.07986817508935928,0.10139434784650803,11.978203773498535
11,10,0.5910377071963416,0.7640678882598877,0.2529391348361969,0.059192854911088943,0.07860095053911209,0.10272935032844543,11.417202949523926
11,11,0.5942782362302145,0.7527283430099487,0.24265825748443604,0.06094781309366226,0.07345427572727203,0.10208988189697266,11.50136947631836
11,12,0.5948611895243326,0.7245078682899475,0.23395328223705292,0.06170147284865379,0.07849402725696564,0.1001078188419342,10.677557945251465
11,13,0.5946595735020108,0.7113059759140015,0.22928687930107117,0.05745243281126022,0.07273713499307632,0.0945826843380928,10.781825065612793
11,14,0.5949723389413621,0.6913291215896606,0.22492660582065582,0.05877961963415146,0.0723654255270958,0.09806499630212784,10.194600105285645
11,15,0.597943815920088,0.6813632845878601,0.23030246794223785,0.05918382108211517,0.07375985383987427,0.10056654363870621,9.59823989868164
11,16,0.6019166376855638,0.6625275015830994,0.2262093424797058,0.06004612147808075,0.07020591199398041,0.09655818343162537,9.236620903015137
11,17,0.6024654606978098,0.6529593467712402,0.22829703986644745,0.0589909665286541,0.07269757241010666,0.09698734432458878,8.795918464660645
11,18,0.6044814950890012,0.639850378036499,0.22578386962413788,0.06054416298866272,0.06943388283252716,0.09368147701025009,8.532800674438477
11,19,0.6038414670361413,0.6240927577018738,0.22034378349781036,0.05752792954444885,0.06992748379707336,0.09078758209943771,8.301909446716309
11,20,0.6091907587316301,0.6113386154174805,0.21949194371700287,0.0623055174946785,0.07010997831821442,0.10197537392377853,7.627951622009277
11,21,0.5913937522305382,0.600891649723053,0.21656951308250427,0.06234519183635712,0.06790623068809509,0.0906401127576828,7.562623977661133
11,22,0.5801901486184862,0.5892071723937988,0.21289078891277313,0.0631621927022934,0.06754788011312485,0.09256075322628021,7.2612690925598145
11,23,0.5718211796548631,0.5802611112594604,0.21111369132995605,0.05869784578680992,0.06620071083307266,0.09430766850709915,7.198552131652832
11,24,0.5597442934910456,0.5688859224319458,0.2065914422273636,0.0653880164027214,0.06577569991350174,0.09685973823070526,6.7357611656188965
11,25,0.5526173694266213,0.5621342658996582,0.20628075301647186,0.06039709225296974,0.06399644911289215,0.09632793068885803,6.752053260803223
11,26,0.5419318328301111,0.5531119108200073,0.2028050720691681,0.060322873294353485,0.06428080052137375,0.09762197732925415,6.547219276428223
11,27,0.5396568344699012,0.5488890409469604,0.20113050937652588,0.060763031244277954,0.06344084441661835,0.08608844131231308,6.590937614440918
11,28,0.5280381176206801,0.5413417220115662,0.19904930889606476,0.057623155415058136,0.06285642087459564,0.09180847555398941,6.475677967071533
11,29,0.5203800913360384,0.5384107828140259,0.197584331035614,0.06070622429251671,0.06243694946169853,0.08376442641019821,6.418466567993164
11,30,0.5170720583862729,0.5355303883552551,0.19757913053035736,0.05672208592295647,0.06321212649345398,0.08733678609132767,6.393867015838623
11,31,0.5137466225359175,0.5284959077835083,0.19507193565368652,0.0571780800819397,0.06071613356471062,0.08569957315921783,6.327330112457275
11,32,0.5131385773420334,0.5261194109916687,0.19678564369678497,0.05618128553032875,0.060664549469947815,0.07832518965005875,6.299679279327393
11,33,0.5080443835920758,0.5213789939880371,0.19469426572322845,0.054864753037691116,0.059247568249702454,0.08012932538986206,6.284453392028809
11,34,0.5025182382928001,0.517553448677063,0.1935543417930603,0.05411665141582489,0.059573639184236526,0.08177833259105682,6.192510604858398
11,35,0.4987192468510734,0.5103728771209717,0.19037407636642456,0.05342789739370346,0.05924958363175392,0.08310028910636902,6.079708099365234
11,36,0.493835030330552,0.505597710609436,0.19001853466033936,0.051663827151060104,0.05807124078273773,0.08163408935070038,6.045128345489502
11,37,0.4923923926221,0.5112196207046509,0.1954309344291687,0.049634113907814026,0.058700695633888245,0.07544788718223572,6.160651206970215
11,38,0.4895173129108217,0.4990382790565491,0.1869751662015915,0.049071960151195526,0.05763443931937218,0.07858330011367798,6.059391975402832
11,39,0.484007802274492,0.49777787923812866,0.18913300335407257,0.04847726225852966,0.05845396965742111,0.07403043657541275,5.983483791351318
11,40,0.48349374532699585,0.4933377504348755,0.18558132648468018,0.04558969661593437,0.05828147009015083,0.07466171681880951,6.049558162689209
11,41,0.47884657979011536,0.4920852780342102,0.18518663942813873,0.04607469588518143,0.058269795030355453,0.07543843984603882,5.997420310974121
11,42,0.47687831189897323,0.4914968013763428,0.18892239034175873,0.045216549187898636,0.05779605731368065,0.07715250551700592,5.880535125732422
11,43,0.47295133272806805,0.48772406578063965,0.18406996130943298,0.04639049991965294,0.05873793363571167,0.07479194551706314,5.869603633880615
11,44,0.47204060355822247,0.4850262403488159,0.18332843482494354,0.043666139245033264,0.05846678465604782,0.07096797972917557,5.9424824714660645
11,45,0.4680682387616899,0.4821712374687195,0.1824387013912201,0.04295286908745766,0.057947516441345215,0.0720493420958519,5.907246112823486
11,46,0.46709047423468697,0.480646014213562,0.18229636549949646,0.04365653917193413,0.05776938796043396,0.07128459215164185,5.851279258728027
11,47,0.4663586417833964,0.48182913661003113,0.18482369184494019,0.042941123247146606,0.057279136031866074,0.06921549886465073,5.867351055145264
11,48,0.4656760162777371,0.4803369641304016,0.18307623267173767,0.04392017424106598,0.05740933120250702,0.07117560505867004,5.819284915924072
11,49,0.4621429757939445,0.4775940179824829,0.1828455924987793,0.042942408472299576,0.05734942853450775,0.06760653108358383,5.805820465087891
11,50,0.46187114550007713,0.47620242834091187,0.18163934350013733,0.04179155081510544,0.05716930702328682,0.06662482023239136,5.853825569152832
11,51,0.4573701305521859,0.4744262993335724,0.18176238238811493,0.041382916271686554,0.057209670543670654,0.06828953325748444,5.786149024963379
11,52,0.455169666144583,0.4736272692680359,0.18218033015727997,0.043281249701976776,0.05683915689587593,0.07278268784284592,5.649723052978516
11,53,0.4566609991921319,0.47154736518859863,0.18100163340568542,0.04160403832793236,0.05639626085758209,0.0693625807762146,5.724554061889648
11,54,0.45222512053118813,0.4706447124481201,0.18309737741947174,0.04171739146113396,0.05660790577530861,0.06619788706302643,5.64542293548584
11,55,0.4551477117670907,0.47729456424713135,0.18437404930591583,0.04103320837020874,0.05789601430296898,0.07031407952308655,5.763236045837402
11,56,0.4562816156281365,0.47180256247520447,0.1811719685792923,0.041414983570575714,0.05610586702823639,0.06636235862970352,5.773367404937744
11,57,0.45484862228234607,0.4702196717262268,0.1829952746629715,0.040393419563770294,0.05698150396347046,0.06985341012477875,5.629782199859619
11,58,0.4537445290221108,0.4684150516986847,0.1800891011953354,0.04028816521167755,0.05679957568645477,0.06646125018596649,5.709993839263916
11,59,0.4476914604504903,0.4667799174785614,0.18011729419231415,0.04054414853453636,0.056679368019104004,0.06467468291521072,5.66788911819458
11,60,0.4482106351190143,0.4662792682647705,0.17981556057929993,0.04126572608947754,0.056468039751052856,0.06855091452598572,5.605489730834961
11,61,0.44722964035140145,0.4650728404521942,0.17865824699401855,0.04125426337122917,0.05640076845884323,0.0682840347290039,5.609144687652588
11,62,0.44697647127840257,0.46435683965682983,0.178567036986351,0.040490660816431046,0.05679122358560562,0.06709353625774384,5.612661838531494
11,63,0.4469474173254437,0.46180230379104614,0.17799688875675201,0.039077796041965485,0.05640259385108948,0.06549163907766342,5.622584819793701
11,64,0.4433448844485813,0.4611278176307678,0.17943121492862701,0.039088062942028046,0.055612772703170776,0.06585174053907394,5.574675559997559
11,65,0.4448403583632575,0.4617811441421509,0.18040494620800018,0.038960643112659454,0.055080752819776535,0.06253895908594131,5.61910343170166
11,66,0.4440026448832618,0.46139970421791077,0.17939940094947815,0.04004262015223503,0.05525151267647743,0.06409966945648193,5.582542419433594
11,67,0.44068193766805863,0.4612904191017151,0.18205012381076813,0.03964872285723686,0.05483577027916908,0.06489171832799911,5.509609699249268
11,68,0.44324001835452187,0.4611400365829468,0.1796320676803589,0.042523059993982315,0.054806552827358246,0.06581254303455353,5.4811530113220215
11,69,0.4419439815812641,0.4574507772922516,0.17831169068813324,0.039761289954185486,0.0546870194375515,0.06212737038731575,5.535085201263428
11,70,0.44008347392082214,0.45772379636764526,0.17772532999515533,0.039693962782621384,0.05455518886446953,0.06059430539608002,5.585700988769531
11,71,0.438371972905265,0.45690762996673584,0.17847201228141785,0.039317552000284195,0.05471821874380112,0.06206994876265526,5.525960922241211
11,72,0.43655729790528613,0.45450538396835327,0.1773531585931778,0.03848370909690857,0.05483517795801163,0.0644598975777626,5.483179092407227
11,73,0.43750598033269245,0.4547469913959503,0.17864003777503967,0.038476839661598206,0.053871847689151764,0.062214165925979614,5.503134250640869
11,74,0.43702489799923366,0.45342814922332764,0.17675578594207764,0.0380578450858593,0.053416457027196884,0.0626259595155716,5.547009468078613
11,75,0.43471121456887984,0.4540945589542389,0.17873424291610718,0.03873465955257416,0.053581781685352325,0.05919269099831581,5.509535789489746
11,76,0.43574892812305027,0.4555799067020416,0.17765440046787262,0.040553342550992966,0.054546862840652466,0.06280848383903503,5.466091632843018
11,77,0.4354715678426955,0.45372769236564636,0.1793237328529358,0.03883405402302742,0.05403983220458031,0.06415719538927078,5.409430503845215
11,78,0.43565888868437874,0.45238393545150757,0.17762884497642517,0.03802216053009033,0.05380534008145332,0.06185881048440933,5.47899866104126
11,79,0.4350259800752004,0.4537596106529236,0.1772584468126297,0.03922427073121071,0.053413331508636475,0.06257013231515884,5.503084659576416
11,80,0.43508732981152004,0.4532706141471863,0.17897392809391022,0.03827786445617676,0.05391179770231247,0.05767621845006943,5.493472099304199
11,81,0.432588635219468,0.45136895775794983,0.17659087479114532,0.03805338218808174,0.053808972239494324,0.06413769721984863,5.455813884735107
11,82,0.433707379632526,0.4530215859413147,0.17757545411586761,0.039446040987968445,0.054475683718919754,0.05748257786035538,5.475986480712891
11,83,0.4301245907942454,0.4505043923854828,0.17740295827388763,0.03787641599774361,0.05359325557947159,0.06120883300900459,5.442304611206055
11,84,0.4293919735484653,0.45000404119491577,0.1778298318386078,0.03824886307120323,0.05384688824415207,0.05834529548883438,5.419161319732666
11,85,0.4313789771662818,0.45186883211135864,0.1765863001346588,0.03825763240456581,0.05401196330785751,0.06113166734576225,5.489114284515381
11,86,0.4305730329619514,0.44898951053619385,0.17604637145996094,0.0380849614739418,0.05290878936648369,0.05696200951933861,5.495359897613525
11,87,0.42959046694967484,0.44866088032722473,0.17667585611343384,0.03823335841298103,0.05299116298556328,0.060777243226766586,5.417577743530273
11,88,0.4316975507471297,0.4478892683982849,0.17514725029468536,0.03829994052648544,0.05297868698835373,0.05976248160004616,5.451155185699463
11,89,0.428405730260743,0.448006272315979,0.17739173769950867,0.03774353116750717,0.05296580120921135,0.057533495128154755,5.421505928039551
11,90,0.43171608448028564,0.4485035538673401,0.17650294303894043,0.037182822823524475,0.053542278707027435,0.06095665693283081,5.432950019836426
11,91,0.4287062916490767,0.44694191217422485,0.17652535438537598,0.03828749433159828,0.052624087780714035,0.059774063527584076,5.385760307312012
11,92,0.4266481830014123,0.4459095001220703,0.17670319974422455,0.03761714696884155,0.0527815967798233,0.05745510384440422,5.3857011795043945
11,93,0.4275868038336436,0.44559937715530396,0.17615708708763123,0.03827261924743652,0.052628401666879654,0.05805814266204834,5.370794296264648
11,94,0.4265689270363914,0.44880473613739014,0.17807994782924652,0.03916158154606819,0.05225285142660141,0.0569857619702816,5.407154560089111
11,95,0.42566421462429893,0.4442789554595947,0.17698445916175842,0.036921773105859756,0.05167260393500328,0.05788480117917061,5.377823829650879
11,96,0.42349714868598515,0.44568973779678345,0.17603060603141785,0.03829147666692734,0.052768778055906296,0.05649842321872711,5.388311862945557
11,97,0.42347150875462425,0.4444766938686371,0.1764531284570694,0.03698241710662842,0.0520138293504715,0.05779748037457466,5.389602184295654
11,98,0.42641844352086383,0.4434884786605835,0.17367976903915405,0.037211060523986816,0.05148535594344139,0.05613933131098747,5.475683689117432
11,99,0.4249442285961575,0.44257426261901855,0.17337553203105927,0.038155242800712585,0.05195008963346481,0.054815858602523804,5.421621322631836
11,100,0.42319553593794507,0.44206535816192627,0.1753876656293869,0.0373692661523819,0.05087054520845413,0.055126797407865524,5.396660804748535
11,101,0.4220658176475101,0.44087666273117065,0.17237751185894012,0.03773308917880058,0.05136303976178169,0.052518460899591446,5.454916477203369
11,102,0.42179975907007855,0.44235217571258545,0.17467904090881348,0.03748252987861633,0.05053136125206947,0.05711507052183151,5.4174909591674805
11,103,0.4241486456659105,0.44363099336624146,0.17678038775920868,0.03678550198674202,0.05065574869513512,0.05458784103393555,5.434433937072754
11,104,0.4206156912777159,0.44052618741989136,0.17399559915065765,0.037044230848550797,0.05104205757379532,0.05531521886587143,5.394991397857666
11,105,0.4199164973364936,0.4405903220176697,0.17234236001968384,0.038489699363708496,0.05115612968802452,0.05382833257317543,5.4151201248168945
11,106,0.41910988092422485,0.44038766622543335,0.17468738555908203,0.03836465999484062,0.05079534277319908,0.05652587488293648,5.319417476654053
11,107,0.4196433789200253,0.44051164388656616,0.17389744520187378,0.03830965980887413,0.050749797374010086,0.052780941128730774,5.390681743621826
11,108,0.4208594659964244,0.4410093128681183,0.1752677708864212,0.03679386526346207,0.05071711912751198,0.05196145921945572,5.4214043617248535
11,109,0.4172101583745744,0.4403664767742157,0.17433485388755798,0.03865182399749756,0.050758156925439835,0.052391983568668365,5.363468647003174
11,110,0.4163103650013606,0.4391211271286011,0.17557187378406525,0.037273798137903214,0.0502801276743412,0.05375901609659195,5.328921318054199
11,111,0.4177366710371441,0.4400597810745239,0.17662224173545837,0.03667203336954117,0.05008653551340103,0.05302096903324127,5.359088897705078
11,112,0.4151712589793735,0.43696099519729614,0.17264264822006226,0.0388205349445343,0.050238631665706635,0.054858338087797165,5.293388843536377
11,113,0.41406168043613434,0.43702390789985657,0.17228664457798004,0.037772491574287415,0.04963253065943718,0.05339910089969635,5.377084255218506
11,114,0.41582900451289284,0.43707770109176636,0.1724751591682434,0.03715830296278,0.05013595148921013,0.05306755006313324,5.379601001739502
11,115,0.415363899535603,0.4405341148376465,0.17541295289993286,0.037519343197345734,0.05001014098525047,0.05752633512020111,5.344459056854248
11,116,0.41538631584909225,0.4377415180206299,0.1724541187286377,0.03903817757964134,0.050072960555553436,0.057738736271858215,5.295154094696045
11,117,0.4154978063371446,0.43594467639923096,0.1740490198135376,0.03656153380870819,0.05027642846107483,0.055901966989040375,5.276236534118652
11,118,0.41497014628516304,0.4366281032562256,0.17404904961585999,0.03700360655784607,0.04926527291536331,0.05271536856889725,5.349853038787842
11,119,0.4149988840023677,0.43656229972839355,0.17310085892677307,0.03626207262277603,0.04987126588821411,0.06035438925027847,5.307393550872803
11,120,0.4128004461526871,0.43757301568984985,0.17567944526672363,0.03855901211500168,0.04923801124095917,0.05688880383968353,5.234328746795654
23,1,2.775506681866116,2.2693941593170166,0.6233483552932739,0.21899835765361786,0.28401872515678406,0.4468049108982086,33.632911682128906
23,2,1.0065764155652788,1.8461339473724365,0.4214229881763458,0.11949402838945389,0.12353449314832687,0.2505413889884949,36.88399887084961
23,3,0.7976776361465454,1.42923104763031,0.3881995975971222,0.09775959700345993,0.1032550111413002,0.16749481856822968,26.325613021850586
23,4,0.7230882876449161,1.1824476718902588,0.36406925320625305,0.08956465125083923,0.09242621064186096,0.14326784014701843,19.78023910522461
23,5,0.6804474592208862,1.057539701461792,0.3411988317966461,0.08144411444664001,0.08867517858743668,0.126027911901474,16.947105407714844
23,6,0.6517447994814979,0.9645906090736389,0.31849274039268494,0.07833775877952576,0.08369338512420654,0.125180184841156,14.88375473022461
23,7,0.6268912421332465,0.8995673656463623,0.3011409342288971,0.07281064987182617,0.07902786880731583,0.11230148375034332,13.763248443603516
23,8,0.610105166832606,0.8520703315734863,0.28189846873283386,0.07150192558765411,0.07627923786640167,0.11111336201429367,12.968557357788086
23,9,0.6009164932701323,0.8250738382339478,0.26750648021698,0.07006243616342545,0.07778763771057129,0.10818517208099365,12.57539176940918
23,10,0.6001840862962935,0.7888736724853516,0.25526633858680725,0.06734929978847504,0.07870948314666748,0.10543915629386902,11.86389446258545
23,11,0.5958880815241072,0.7642032504081726,0.24809812009334564,0.06590254604816437,0.07467041164636612,0.09801200032234192,11.537619590759277
23,12,0.6013015839788649,0.7475931644439697,0.25300341844558716,0.06766907870769501,0.07135868072509766,0.09723213315010071,10.879744529724121
23,13,0.6022943655649821,0.7337726354598999,0.23525555431842804,0.06784497946500778,0.07029931247234344,0.0924948900938034,11.087478637695312
23,14,0.6000290811061859,0.7051212787628174,0.23674237728118896,0.06685978174209595,0.07042643427848816,0.0987401157617569,10.049022674560547
23,15,0.6068870590792762,0.6896704435348511,0.23089788854122162,0.06627798825502396,0.06938313692808151,0.09408024698495865,9.82957935333252
23,16,0.6070252226458656,0.6826545596122742,0.23199518024921417,0.06752105057239532,0.06965155899524689,0.0970860943198204,9.478697776794434
23,17,0.6122121115525564,0.6586573123931885,0.22762495279312134,0.06666184216737747,0.06906125694513321,0.09586818516254425,8.88496208190918
23,18,0.6114993558989631,0.6538820266723633,0.23151612281799316,0.06491287052631378,0.07045315951108932,0.09430167078971863,8.62364673614502
23,19,0.6095281839370728,0.6327207088470459,0.22470344603061676,0.06565940380096436,0.06835389882326126,0.09743620455265045,8.159104347229004
23,20,0.6126292480362786,0.6229031085968018,0.22973763942718506,0.06206665188074112,0.06612785160541534,0.096165731549263,7.870707035064697
23,21,0.5991318027178446,0.610312819480896,0.22626902163028717,0.0606367290019989,0.06568479537963867,0.1039242222905159,7.5514984130859375
23,22,0.5878665463791953,0.5977623462677002,0.21755199134349823,0.06081169471144676,0.06540363281965256,0.09899605065584183,7.476541519165039
23,23,0.5750206626123853,0.5854440331459045,0.21524852514266968,0.0573977567255497,0.06637455523014069,0.09434089064598083,7.270696640014648
23,24,0.5673343820704354,0.5746582746505737,0.21040400862693787,0.054830778390169144,0.06349775195121765,0.09885197132825851,7.209004878997803
23,25,0.5563659270604452,0.566965639591217,0.20910802483558655,0.0562087744474411,0.06618727743625641,0.09767185896635056,6.872001647949219
23,26,0.5505294650793076,0.5627745389938354,0.20955149829387665,0.05935443192720413,0.0626760795712471,0.10164791345596313,6.689938068389893
23,27,0.539682901567883,0.5516928434371948,0.20885273814201355,0.05468248203396797,0.06181827187538147,0.10198117047548294,6.524834156036377
23,28,0.52942479815748,0.5451358556747437,0.20542719960212708,0.0499357208609581,0.06125306338071823,0.09654339402914047,6.651894569396973
23,29,0.5253475589884652,0.538398265838623,0.20179510116577148,0.04885513335466385,0.06276504695415497,0.0956602543592453,6.542830944061279
23,30,0.5171827624241511,0.5325392484664917,0.20055678486824036,0.04727037250995636,0.06008857116103172,0.08587682992219925,6.628681659698486
23,31,0.5162135909001032,0.5275151133537292,0.2006784826517105,0.04588089510798454,0.060859426856040955,0.09222317487001419,6.414310932159424
23,32,0.507788876692454,0.5242301225662231,0.2013976126909256,0.04492763802409172,0.06079291179776192,0.0864500179886818,6.372566223144531
23,33,0.5055960847271813,0.516276478767395,0.19821320474147797,0.0457986518740654,0.05848601087927818,0.09001655876636505,6.225788593292236
23,34,0.5002467797862159,0.5130420923233032,0.19418203830718994,0.0457720085978508,0.058677490800619125,0.08902137726545334,6.256804466247559
23,35,0.49250378211339313,0.5075228810310364,0.19271652400493622,0.04504617303609848,0.05891148000955582,0.08280477672815323,6.2002434730529785
23,36,0.49192893505096436,0.5102208852767944,0.19849789142608643,0.04508187249302864,0.05787944793701172,0.08282269537448883,6.130496025085449
23,37,0.4899011370208528,0.5036382079124451,0.19104567170143127,0.0461331307888031,0.05823870375752449,0.07680267095565796,6.172662734985352
23,38,0.4863083130783505,0.4980415105819702,0.18707707524299622,0.04405853524804115,0.05860385671257973,0.07827690243721008,6.160633563995361
23,39,0.48356642325719196,0.4958346486091614,0.19089780747890472,0.044277168810367584,0.05738929286599159,0.07918225973844528,5.983856678009033
23,40,0.4784711201985677,0.49615034461021423,0.18870817124843597,0.04668230563402176,0.05804076045751572,0.07975997775793076,5.95970344543457
23,41,0.4765818135605918,0.4965258538722992,0.19434960186481476,0.04343742877244949,0.05649801716208458,0.07526561617851257,5.988704204559326
23,42,0.4765646027194129,0.49024996161460876,0.18852396309375763,0.045781441032886505,0.05753837525844574,0.07739827036857605,5.839557647705078
23,43,0.4696072025431527,0.48680806159973145,0.1900348663330078,0.043144408613443375,0.05596227943897247,0.07492253929376602,5.839658737182617
23,44,0.46827605697843766,0.48192888498306274,0.18469111621379852,0.04288089647889137,0.056136902421712875,0.07542470842599869,5.853086471557617
23,45,0.4661860383219189,0.4807346761226654,0.18524539470672607,0.04206041619181633,0.05625580996274948,0.07294505089521408,5.842984676361084
23,46,0.46199437644746566,0.479771226644516,0.18522988259792328,0.04320678859949112,0.05598083510994911,0.07295779883861542,5.782212734222412
23,47,0.4620250033007728,0.4792773127555847,0.18364110589027405,0.04175977781414986,0.05683530122041702,0.07021366059780121,5.865900993347168
23,48,0.4602457483609517,0.4800882935523987,0.18852421641349792,0.043406471610069275,0.05553066357970238,0.0688503161072731,5.732395648956299
23,49,0.46012718809975517,0.4772987961769104,0.18437986075878143,0.044662125408649445,0.055874302983284,0.07341544330120087,5.678595542907715
23,50,0.45793314940399593,0.47427788376808167,0.18584798276424408,0.042327631264925,0.05487263575196266,0.07193001359701157,5.655021667480469
23,51,0.4552011224958632,0.47210970520973206,0.1842828094959259,0.041549526154994965,0.0553637370467186,0.06912658363580704,5.672521591186523
23,52,0.44963474737273323,0.4714566469192505,0.18416500091552734,0.04299737140536308,0.055044885724782944,0.07521598041057587,5.556153297424316
23,53,0.45046185122595894,0.47317755222320557,0.18936596810817719,0.04140044003725052,0.05511094629764557,0.07907874137163162,5.452552318572998
23,54,0.45269248882929486,0.4716210663318634,0.184067964553833,0.04305216670036316,0.05477454513311386,0.07735379785299301,5.550674915313721
23,55,0.452031660411093,0.4679574966430664,0.18331120908260345,0.04169218987226486,0.05402258411049843,0.07055624574422836,5.592155933380127
23,56,0.45027752882904476,0.4675978422164917,0.185965433716774,0.04051685333251953,0.05429162085056305,0.07309609651565552,5.496503829956055
23,57,0.4470953179730309,0.46792852878570557,0.18737146258354187,0.04118560627102852,0.05410778149962425,0.07278329133987427,5.447622776031494
23,58,0.4476538913117515,0.46391627192497253,0.18172617256641388,0.041397228837013245,0.05363205820322037,0.06989552825689316,5.53973913192749
23,59,0.4472149858872096,0.4636629819869995,0.18300841748714447,0.039933111518621445,0.05375005304813385,0.06772775948047638,5.5551018714904785
23,60,0.4427986310587989,0.46355992555618286,0.18422774970531464,0.04023570567369461,0.053750742226839066,0.06735105067491531,5.504680156707764
23,61,0.44454102714856464,0.46418359875679016,0.18471024930477142,0.04137732461094856,0.0535445399582386,0.06787797063589096,5.472936153411865
23,62,0.4410970028903749,0.4618159830570221,0.183310866355896,0.04042758047580719,0.05330401286482811,0.07187584042549133,5.440359592437744
23,63,0.4411834412150913,0.4605448842048645,0.18280252814292908,0.040436748415231705,0.05340993031859398,0.06276153773069382,5.502241611480713
23,64,0.43918950855731964,0.46275943517684937,0.1849873811006546,0.04103575274348259,0.05379165709018707,0.06622682511806488,5.435887336730957
23,65,0.439333235224088,0.4582981467247009,0.1821005791425705,0.04004092141985893,0.052915580570697784,0.06906180828809738,5.417417526245117
23,66,0.44098398089408875,0.459989070892334,0.18150202929973602,0.04123574122786522,0.052776094526052475,0.06757031381130219,5.473471164703369
23,67,0.43932100799348617,0.45925527811050415,0.18300873041152954,0.039396267384290695,0.052940115332603455,0.06958869099617004,5.434451103210449
23,68,0.4402418914768431,0.4588669538497925,0.18396206200122833,0.04067014530301094,0.052453022450208664,0.07005836069583893,5.358807563781738
23,69,0.43713293969631195,0.45600539445877075,0.18213579058647156,0.03943460062146187,0.052758507430553436,0.06423625349998474,5.4135212898254395
23,70,0.43530911207199097,0.4574993848800659,0.1833643913269043,0.03976651281118393,0.05269153416156769,0.060750339180231094,5.448393821716309
23,71,0.43539540635214913,0.4570963978767395,0.18179889023303986,0.04040222615003586,0.05255851522088051,0.06508660316467285,5.427026748657227
23,72,0.43632303012741935,0.4533587098121643,0.17964215576648712,0.03889697417616844,0.051854830235242844,0.059061359614133835,5.508211135864258
23,73,0.43567588594224715,0.4576774835586548,0.18587924540042877,0.040580980479717255,0.05136948823928833,0.061014775186777115,5.384778022766113
23,74,0.434120355380906,0.4549265503883362,0.18495860695838928,0.03886226937174797,0.05121636018157005,0.0633554458618164,5.36275577545166
23,75,0.43336547083324856,0.45274731516838074,0.1800672858953476,0.03865234926342964,0.051888830959796906,0.06415046751499176,5.429790496826172
23,76,0.4317092564370897,0.45212844014167786,0.1807665079832077,0.038739725947380066,0.05228329077363014,0.06065361946821213,5.40476131439209
23,77,0.4305600706073973,0.4537714719772339,0.18173792958259583,0.03965457156300545,0.051393236964941025,0.06132100895047188,5.419648170471191
23,78,0.43216698865095776,0.45166218280792236,0.18120060861110687,0.03843120485544205,0.051894888281822205,0.06514423340559006,5.353074550628662
23,79,0.432192615336842,0.4522838592529297,0.18235290050506592,0.03954354673624039,0.05185786262154579,0.05838201195001602,5.367164611816406
23,80,0.4295850843191147,0.44831544160842896,0.17914195358753204,0.039551831781864166,0.05037132278084755,0.060288071632385254,5.372129440307617
23,81,0.4284428490532769,0.45031845569610596,0.17898938059806824,0.03891131654381752,0.05082264170050621,0.06523824483156204,5.400787353515625
23,82,0.4296374585893419,0.4511817693710327,0.1817765086889267,0.03951074182987213,0.050310537219047546,0.06380797177553177,5.348052978515625
23,83,0.4282030579116609,0.4500351548194885,0.1805328130722046,0.040724266320466995,0.05057831108570099,0.05978846177458763,5.342108726501465
23,84,0.42751813928286236,0.4478980600833893,0.1793096959590912,0.038746435195207596,0.05047149583697319,0.06173935905098915,5.361620903015137
23,85,0.4272020873096254,0.44909346103668213,0.1785668283700943,0.038955748081207275,0.051064182072877884,0.06122225895524025,5.404667854309082
23,86,0.42620187997817993,0.44704464077949524,0.1797516942024231,0.03795129805803299,0.05050821229815483,0.05952699854969978,5.365845680236816
23,87,0.4245690819289949,0.447307288646698,0.18040472269058228,0.03937479853630066,0.050333596765995026,0.0577368400990963,5.329104423522949
23,88,0.42560575405756634,0.44889354705810547,0.18090325593948364,0.03892458230257034,0.050030458718538284,0.058092258870601654,5.3869194984436035
23,89,0.4253633717695872,0.45049139857292175,0.18167303502559662,0.0400378443300724,0.050126295536756516,0.05786428228020668,5.376498222351074
23,90,0.4224847008784612,0.44481396675109863,0.17960143089294434,0.03731740266084671,0.049382079392671585,0.06109131872653961,5.339521884918213
23,91,0.421646065182156,0.4464089870452881,0.1813541203737259,0.03894694522023201,0.05031655728816986,0.06105997785925865,5.2491135597229
23,92,0.42340728971693253,0.4456775486469269,0.17813429236412048,0.038596443831920624,0.05026305839419365,0.05766160786151886,5.379508972167969
23,93,0.42272806498739457,0.4457099437713623,0.17664295434951782,0.038549553602933884,0.049883924424648285,0.06013010814785957,5.419816970825195
23,94,0.42262466417418587,0.4459354281425476,0.17892223596572876,0.04059484601020813,0.049499351531267166,0.0636051744222641,5.261247158050537
23,95,0.4227902789910634,0.44634509086608887,0.18078207969665527,0.039531875401735306,0.049768295139074326,0.05571244657039642,5.318304061889648
23,96,0.4194703780942493,0.44293123483657837,0.17772409319877625,0.03978458791971207,0.04909414425492287,0.05817453935742378,5.29586935043335
23,97,0.4201066543658574,0.4476003646850586,0.18007616698741913,0.040989309549331665,0.048951104283332825,0.057374946773052216,5.345710277557373
23,98,0.42043645183245343,0.44133421778678894,0.17652009427547455,0.03823560103774071,0.04885077476501465,0.05769617110490799,5.347295761108398
23,99,0.42080405685636735,0.44579583406448364,0.1769309937953949,0.04086039587855339,0.049205031245946884,0.05738558992743492,5.386125087738037
23,100,0.4219947937462065,0.443720281124115,0.17608724534511566,0.03933495283126831,0.04844514653086662,0.06241309270262718,5.37096643447876
23,101,0.42112341192033553,0.44197118282318115,0.17744547128677368,0.03810581564903259,0.048907842487096786,0.058149304240942,5.335575103759766
23,102,0.4186512529850006,0.4417228698730469,0.17861661314964294,0.03908667340874672,0.04793615639209747,0.05758664384484291,5.293581485748291
23,103,0.4187772985961702,0.44209182262420654,0.17849968373775482,0.03920341283082962,0.04858992621302605,0.058019332587718964,5.279767036437988
23,104,0.421617501311832,0.4430980682373047,0.1756640374660492,0.04012833535671234,0.048644647002220154,0.05656111240386963,5.3897576332092285
23,105,0.41909026271767086,0.440616250038147,0.1777680367231369,0.03921840339899063,0.04767414927482605,0.0556039921939373,5.30914831161499
23,106,0.4202774465084076,0.4466565251350403,0.1772698014974594,0.0430854856967926,0.047680605202913284,0.051541466265916824,5.438607692718506
23,107,0.41774717966715497,0.4447118639945984,0.1800864040851593,0.04005494713783264,0.04778669402003288,0.05756798014044762,5.31711483001709
23,108,0.4197325673368242,0.4413275718688965,0.17554520070552826,0.03987883776426315,0.047565557062625885,0.05226552486419678,5.4219441413879395
23,109,0.41607892678843605,0.43919479846954346,0.17642757296562195,0.038939058780670166,0.04819544777274132,0.05425793677568436,5.311844348907471
23,110,0.4166559014055464,0.4379380941390991,0.17479495704174042,0.038482438772916794,0.04780753329396248,0.05886893719434738,5.306416034698486
23,111,0.4152492450343238,0.43981003761291504,0.1755354255437851,0.03860032930970192,0.047865234315395355,0.05395512655377388,5.387417793273926
23,112,0.4137773811817169,0.4366956055164337,0.17347554862499237,0.03826037421822548,0.04706386849284172,0.05857139453291893,5.344146728515625
23,113,0.4145401418209076,0.4416011571884155,0.17755471169948578,0.042032431811094284,0.04718017578125,0.05863906443119049,5.241404056549072
23,114,0.4162317083941566,0.44386687874794006,0.1737593114376068,0.044892147183418274,0.046730950474739075,0.05858241394162178,5.363658428192139
23,115,0.4158637705776427,0.43805766105651855,0.17784634232521057,0.03906497731804848,0.04668227210640907,0.05545366555452347,5.260932922363281
23,116,0.41381387578116524,0.4359988570213318,0.17480580508708954,0.03871212527155876,0.04692438617348671,0.052955370396375656,5.32233190536499
23,117,0.41351475814978284,0.4410009980201721,0.1765545904636383,0.039165761321783066,0.047028690576553345,0.05958012863993645,5.345930576324463
23,118,0.41587642000781166,0.43665942549705505,0.17473821341991425,0.037967607378959656,0.046335507184267044,0.05151688680052757,5.4054341316223145
23,119,0.4114512834284041,0.43635550141334534,0.17500728368759155,0.03894480690360069,0.04677604138851166,0.0549248643219471,5.304997444152832
23,120,0.4098896367682351,0.43458861112594604,0.173613503575325,0.03852056711912155,0.04677514359354973,0.052534084767103195,5.33064079284668
37,1,2.8359993431303234,2.3753294944763184,0.7107717990875244,0.2402111291885376,0.24038174748420715,0.483169287443161,34.63380432128906
37,2,1.0571329030725691,1.9135327339172363,0.4257999658584595,0.12676365673542023,0.14038896560668945,0.29837360978126526,37.702266693115234
37,3,0.8169717987378439,1.4658236503601074,0.39376160502433777,0.10042339563369751,0.10775287449359894,0.18787382543087006,26.917451858520508
37,4,0.7356976237561967,1.2111072540283203,0.3676447868347168,0.09002962708473206,0.10093698650598526,0.1509527713060379,20.24033546447754
37,5,0.6937312450673845,1.0640876293182373,0.34121331572532654,0.08364280313253403,0.09490660578012466,0.13887953758239746,16.755369186401367
37,6,0.6586914824114906,0.967312216758728,0.31695473194122314,0.07564648985862732,0.09266109019517899,0.11808063834905624,14.887523651123047
37,7,0.6306041181087494,0.902104377746582,0.297232061624527,0.0691237524151802,0.08937211334705353,0.11706282198429108,13.708585739135742
37,8,0.6133030354976654,0.8486842513084412,0.2796218693256378,0.06763537973165512,0.08382409065961838,0.11219936609268188,12.798103332519531
37,9,0.6034677459133996,0.8110980987548828,0.2636227309703827,0.06681448966264725,0.08169648051261902,0.10968814045190811,12.201931953430176
37,10,0.5941195785999298,0.7821683883666992,0.2530217170715332,0.06308627873659134,0.07932878285646439,0.10310134291648865,11.860042572021484
37,11,0.5898634129100375,0.7518839836120605,0.23978494107723236,0.06298203021287918,0.08256839960813522,0.10082805901765823,11.210007667541504
37,12,0.5907960484425226,0.741034746170044,0.23350252211093903,0.06277156621217728,0.08433493226766586,0.09437200427055359,11.07046890258789
37,13,0.5903972585995992,0.7065258622169495,0.22658595442771912,0.0630541741847992,0.07762918621301651,0.09757670760154724,10.332785606384277
37,14,0.589260028468238,0.6892647743225098,0.22322237491607666,0.06284639984369278,0.07479356229305267,0.09180960059165955,10.028653144836426
37,15,0.5894908342096541,0.6739799380302429,0.2242923527956009,0.06361348181962967,0.07497899234294891,0.09580080956220627,9.411828994750977
37,16,0.592570788330502,0.6568787097930908,0.21915572881698608,0.06861375272274017,0.07404326647520065,0.09970086812973022,8.838522911071777
37,17,0.5933730966515012,0.6417346000671387,0.2183527797460556,0.06129078194499016,0.07556472718715668,0.09216822683811188,8.629195213317871
37,18,0.5942703055010902,0.6284180879592896,0.2130916267633438,0.060917165130376816,0.07380305230617523,0.09080197662115097,8.445523262023926
37,19,0.5923738777637482,0.620974063873291,0.21465402841567993,0.06561834365129471,0.07270926982164383,0.10145648568868637,7.918516635894775
37,20,0.5991514358255599,0.6061084270477295,0.2134253829717636,0.061664123088121414,0.0712006464600563,0.0929691419005394,7.7309184074401855
37,21,0.5847688814004263,0.5963915586471558,0.2168085277080536,0.05805422365665436,0.06915302574634552,0.09679770469665527,7.444548606872559
37,22,0.5780263576242659,0.5865813493728638,0.21165329217910767,0.059748899191617966,0.06889327615499496,0.09094177186489105,7.300112724304199
37,23,0.5687880946530236,0.5791758894920349,0.209238201379776,0.06271480768918991,0.06751840561628342,0.09633474797010422,7.026801109313965
37,24,0.5558782749705844,0.5675647258758545,0.20592531561851501,0.056958235800266266,0.06705690175294876,0.09396793693304062,6.9811296463012695
37,25,0.5521608822875552,0.5627455711364746,0.20646773278713226,0.05747631937265396,0.06650184839963913,0.08065410703420639,6.9367804527282715
37,26,0.5397159738673104,0.5548790097236633,0.2051399052143097,0.05495430901646614,0.06711351871490479,0.08752279728651047,6.713815212249756
37,27,0.534480459160275,0.5469722747802734,0.1985674649477005,0.05551614984869957,0.06591200083494186,0.08505220711231232,6.715367317199707
37,28,0.5260685417387221,0.5436787009239197,0.2028755396604538,0.05553636699914932,0.06474605202674866,0.0919528529047966,6.4311628341674805
37,29,0.5230121612548828,0.5360946655273438,0.1960975080728531,0.05413210019469261,0.06415903568267822,0.08759815245866776,6.514220237731934
37,30,0.517947804596689,0.53216552734375,0.1948312520980835,0.05421781539916992,0.0654267966747284,0.0889536663889885,6.366785526275635
37,31,0.5116080078813765,0.5263422131538391,0.1912761628627777,0.05469517782330513,0.06466156244277954,0.08422784507274628,6.348032474517822
37,32,0.5075541237990061,0.527557373046875,0.1965199112892151,0.05527123808860779,0.06424277275800705,0.08018413186073303,6.248939037322998
37,33,0.5043369001812406,0.5200783610343933,0.18890123069286346,0.05651276931166649,0.06287823617458344,0.08098679780960083,6.249669551849365
37,34,0.49755071600278217,0.5158334970474243,0.19241096079349518,0.053654082119464874,0.06243591383099556,0.08195436000823975,6.09153938293457
37,35,0.4947350174188614,0.512319028377533,0.19077135622501373,0.05407075956463814,0.06343358755111694,0.08590943366289139,5.942349910736084
37,36,0.4911098877588908,0.5061678886413574,0.18761257827281952,0.051075808703899384,0.06289096176624298,0.07780946046113968,6.041523456573486
37,37,0.48632024890846676,0.505149245262146,0.18819405138492584,0.050234273076057434,0.06265681982040405,0.08143358677625656,5.987802028656006
37,38,0.4856674306922489,0.5034431219100952,0.18809916079044342,0.05060746520757675,0.062206219881772995,0.07659492641687393,5.98505973815918
37,39,0.483863717979855,0.5001537799835205,0.18681743741035461,0.04881422221660614,0.06361808627843857,0.07920954376459122,5.90470552444458
37,40,0.4776092817385991,0.5006161332130432,0.1879725456237793,0.04822580888867378,0.06421224772930145,0.08669808506965637,5.80653715133667
37,41,0.48083964652485317,0.4986364245414734,0.19071732461452484,0.047498833388090134,0.06211792305111885,0.07999034970998764,5.810174465179443
37,42,0.47941378586822087,0.4959433078765869,0.18514733016490936,0.04651965945959091,0.061670031398534775,0.08483953028917313,5.905147075653076
37,43,0.4737982451915741,0.4930190443992615,0.18665751814842224,0.04885046184062958,0.06093951687216759,0.08041112869977951,5.7482733726501465
37,44,0.47036328580644393,0.49591952562332153,0.19339527189731598,0.045432209968566895,0.061345186084508896,0.07634426653385162,5.7614521980285645
37,45,0.47065305875407326,0.4886966645717621,0.18372836709022522,0.04731021448969841,0.06071877479553223,0.0789777860045433,5.774866580963135
37,46,0.46605537666214836,0.4872530698776245,0.18338629603385925,0.04587993025779724,0.06135714054107666,0.07686776667833328,5.785646915435791
37,47,0.4667086684041553,0.48573803901672363,0.18390566110610962,0.04456892982125282,0.06086188182234764,0.07061515003442764,5.840567588806152
37,48,0.46407098571459454,0.4842538833618164,0.1820513755083084,0.04485049098730087,0.06077583134174347,0.07269373536109924,5.8256025314331055
37,49,0.463415942258305,0.4824753403663635,0.18234091997146606,0.04401962831616402,0.06084126979112625,0.07947832345962524,5.714334487915039
37,50,0.46267136103577083,0.4817689061164856,0.18218518793582916,0.04391462728381157,0.060335058718919754,0.0793234333395958,5.717898845672607
37,51,0.4590623031059901,0.4812890291213989,0.18222607672214508,0.044758863747119904,0.05998177453875542,0.06738243252038956,5.803585529327393
37,52,0.45906126002470654,0.47942307591438293,0.18193407356739044,0.04384178668260574,0.060167599469423294,0.07084198296070099,5.740900039672852
37,53,0.4575771705971824,0.4774743914604187,0.18191902339458466,0.04343242570757866,0.05923597142100334,0.07392851263284683,5.690280437469482
37,54,0.4588855289750629,0.4753713607788086,0.178672656416893,0.04167918860912323,0.058665450662374496,0.07736466079950333,5.77148962020874
37,55,0.4538341032134162,0.4750012457370758,0.17895221710205078,0.04504596069455147,0.05854567140340805,0.06580524891614914,5.757194995880127
37,56,0.45314182837804157,0.4746556878089905,0.18157169222831726,0.043333664536476135,0.0590192973613739,0.07303827255964279,5.627318859100342
37,57,0.4513303753402498,0.4741368293762207,0.18109333515167236,0.04297112300992012,0.05911921709775925,0.07499188929796219,5.615187168121338
37,58,0.45072416795624626,0.4734306335449219,0.17895326018333435,0.04270410165190697,0.059206943958997726,0.07442007958889008,5.67467737197876
37,59,0.453774513469802,0.47416064143180847,0.1815151870250702,0.041618697345256805,0.05868087336421013,0.0773368626832962,5.638161659240723
37,60,0.45190412799517315,0.47285300493240356,0.18236304819583893,0.0424463264644146,0.057939495891332626,0.06966052949428558,5.640198707580566
37,61,0.4505554454194175,0.4704238772392273,0.17871975898742676,0.04230744019150734,0.058520734310150146,0.06338664889335632,5.728665828704834
37,62,0.44670236441824174,0.472412645816803,0.18483705818653107,0.04141012579202652,0.05838743597269058,0.06593245267868042,5.599942207336426
37,63,0.4477376672956679,0.46673738956451416,0.17789535224437714,0.041724756360054016,0.05813610181212425,0.07141843438148499,5.5851874351501465
37,64,0.44566543896993,0.46767657995224,0.17978371679782867,0.039874639362096786,0.05823276564478874,0.06918647885322571,5.634316444396973
37,65,0.44518668949604034,0.4671832323074341,0.18090112507343292,0.04101615399122238,0.057861268520355225,0.07447872310876846,5.502035617828369
37,66,0.44208333889643353,0.4653520882129669,0.17837955057621002,0.04159890115261078,0.05777046084403992,0.07558312267065048,5.497607707977295
37,67,0.44528571433491176,0.46394550800323486,0.17703501880168915,0.04152223840355873,0.05792178586125374,0.06947764754295349,5.554105758666992
37,68,0.44506194856431747,0.464336633682251,0.17653334140777588,0.04026880860328674,0.05862169712781906,0.06633298099040985,5.633762836456299
37,69,0.44083501398563385,0.4639154076576233,0.17955714464187622,0.041359253227710724,0.05779086425900459,0.06640846282243729,5.509519100189209
37,70,0.4404442674583859,0.4627276659011841,0.17816892266273499,0.0420868806540966,0.05751331150531769,0.06539082527160645,5.511375904083252
37,71,0.44089627100361717,0.4620361328125,0.1788233369588852,0.040943246334791183,0.056645467877388,0.05914724990725517,5.595995903015137
37,72,0.4402599632740021,0.46224457025527954,0.1799376904964447,0.03983655571937561,0.05732855945825577,0.06603545695543289,5.511038303375244
37,73,0.43872133062945473,0.46172255277633667,0.1791163980960846,0.04145500063896179,0.05703996494412422,0.06837262958288193,5.45331335067749
37,74,0.4392361922396554,0.46458303928375244,0.1825048178434372,0.041519273072481155,0.05669055134057999,0.0708027109503746,5.4209208488464355
37,75,0.4375560250547197,0.45957744121551514,0.17900779843330383,0.04071860387921333,0.056402403861284256,0.06711149215698242,5.443840503692627
37,76,0.4358205546935399,0.45954370498657227,0.17908257246017456,0.041345901787281036,0.056122228503227234,0.06101497262716293,5.489616870880127
37,77,0.4353618174791336,0.45856940746307373,0.17850261926651,0.0405464842915535,0.05631421506404877,0.0655117928981781,5.451752185821533
37,78,0.4347889886962043,0.4569566249847412,0.17685289680957794,0.04146204888820648,0.056262485682964325,0.061695396900177,5.462353229522705
37,79,0.43585165672832066,0.4577118456363678,0.1761636734008789,0.039488740265369415,0.057400308549404144,0.06226024031639099,5.5327019691467285
37,80,0.4361926449669732,0.45564985275268555,0.17697179317474365,0.04089280590415001,0.05594933032989502,0.06019776314496994,5.459219455718994
37,81,0.43404393394788104,0.4557788372039795,0.17744961380958557,0.0406668446958065,0.05574954301118851,0.05982820317149162,5.465479373931885
37,82,0.43151554299725425,0.45722055435180664,0.17877638339996338,0.03996450826525688,0.056604206562042236,0.06395923346281052,5.422923564910889
37,83,0.433146627412902,0.4557652473449707,0.1770942211151123,0.041846588253974915,0.0560322031378746,0.06087479740381241,5.417660713195801
37,84,0.43011437356472015,0.4548172950744629,0.1790570318698883,0.038942914456129074,0.056288812309503555,0.05773315578699112,5.440285682678223
37,85,0.4310251391596264,0.45418113470077515,0.17821286618709564,0.04041847959160805,0.055564478039741516,0.06411421298980713,5.358368396759033
37,86,0.4291318356990814,0.45592737197875977,0.17851074039936066,0.041061002761125565,0.05524682626128197,0.06334199756383896,5.403541088104248
37,87,0.42896777722570634,0.4547466039657593,0.18008726835250854,0.039128296077251434,0.05598297342658043,0.05973915010690689,5.387543678283691
37,88,0.42965825729899937,0.4554708003997803,0.17888720333576202,0.040968336164951324,0.05546078830957413,0.06379210203886032,5.367228031158447
37,89,0.4320496767759323,0.4529876708984375,0.17669370770454407,0.0407753624022007,0.055142711848020554,0.06008724495768547,5.411657333374023
37,90,0.4323652750915951,0.4559023976325989,0.17722517251968384,0.04206085577607155,0.054919660091400146,0.06564473360776901,5.400109767913818
37,91,0.42777154180738663,0.45186087489128113,0.17759528756141663,0.040509868413209915,0.055446308106184006,0.05851471796631813,5.3585004806518555
37,92,0.42584017912546795,0.45118987560272217,0.1770637482404709,0.04053407907485962,0.05446101352572441,0.0651748850941658,5.319285869598389
37,93,0.424239382147789,0.4522753357887268,0.17728061974048615,0.041189249604940414,0.05502340942621231,0.06380248069763184,5.321376800537109
37,94,0.42509427501095665,0.45109760761260986,0.1770702302455902,0.04012886434793472,0.05447780713438988,0.060800302773714066,5.372687816619873
37,95,0.42451859679487014,0.4531162977218628,0.1812227964401245,0.04027625918388367,0.05416246876120567,0.05846839398145676,5.330475330352783
37,96,0.4266266491678026,0.4518128037452698,0.17911094427108765,0.04088030755519867,0.054692592471838,0.05546092987060547,5.349689960479736
37,97,0.4267693559328715,0.45032787322998047,0.17741887271404266,0.04021567106246948,0.054598793387413025,0.05726916342973709,5.36379337310791
37,98,0.4247017883592182,0.4518107771873474,0.1798735409975052,0.04094785079360008,0.05406671017408371,0.05432495102286339,5.354173183441162
37,99,0.4242609292268753,0.449659138917923,0.1783403605222702,0.03954632580280304,0.05436252802610397,0.05302535369992256,5.3834099769592285
37,100,0.42450644075870514,0.4490244388580322,0.1769585907459259,0.04048480466008186,0.054088883101940155,0.05522836372256279,5.36412239074707
37,101,0.4232294278012382,0.4494023025035858,0.17881059646606445,0.040733642876148224,0.053878918290138245,0.053297463804483414,5.332997798919678
37,102,0.42235343323813546,0.4480321407318115,0.1779938042163849,0.03938591107726097,0.053572192788124084,0.060448553413152695,5.298188209533691
37,103,0.4227997362613678,0.4478331208229065,0.17661398649215698,0.03963157534599304,0.05356986075639725,0.05703243985772133,5.363600254058838
37,104,0.42372869120703804,0.44817787408828735,0.1781817227602005,0.03940300643444061,0.053489141166210175,0.05422255024313927,5.361241340637207
37,105,0.42175769640339744,0.44492778182029724,0.1754138320684433,0.03917544707655907,0.05332539975643158,0.054883383214473724,5.351603031158447
37,106,0.41963065498405033,0.44541966915130615,0.17642486095428467,0.039509985595941544,0.053631167858839035,0.053527798503637314,5.326510906219482
37,107,0.42066289650069344,0.44595423340797424,0.17643919587135315,0.039107050746679306,0.05311073362827301,0.05711744725704193,5.3387346267700195
37,108,0.4197726796070735,0.44683101773262024,0.17712004482746124,0.04105425998568535,0.0528239868581295,0.05680728331208229,5.293017864227295
37,109,0.4216294056839413,0.44805294275283813,0.1773735135793686,0.040693581104278564,0.05300528556108475,0.055915024131536484,5.3402018547058105
37,110,0.41775262355804443,0.44552579522132874,0.1768518090248108,0.04016472026705742,0.052704811096191406,0.053019266575574875,5.329956531524658
37,111,0.41742924021350014,0.4483070373535156,0.1794901192188263,0.040772270411252975,0.052389755845069885,0.05825425684452057,5.272619724273682
37,112,0.41927895612186855,0.44442909955978394,0.17704272270202637,0.038739532232284546,0.05217388644814491,0.05240746587514877,5.3583574295043945
37,113,0.4212992191314697,0.44377782940864563,0.1767488718032837,0.03892596438527107,0.05166514217853546,0.0525193028151989,5.3560686111450195
37,114,0.41854355732599896,0.4453575313091278,0.17732106149196625,0.03941322863101959,0.05179648473858833,0.05094088613986969,5.384815692901611
37,115,0.41941485471195644,0.4479936957359314,0.1824619024991989,0.040207259356975555,0.051861491054296494,0.055420052260160446,5.227900981903076
37,116,0.4160950564675861,0.4434018135070801,0.17883841693401337,0.038789186626672745,0.05158672854304314,0.0535324327647686,5.270925521850586
37,117,0.41910534765985274,0.44436192512512207,0.1785466969013214,0.03999903425574303,0.05141899734735489,0.054332904517650604,5.2699103355407715
37,118,0.41761399805545807,0.4457330107688904,0.17636729776859283,0.04062754288315773,0.051694583147764206,0.05371200665831566,5.36433219909668
37,119,0.4180481930573781,0.4451439380645752,0.17769402265548706,0.041055500507354736,0.050863757729530334,0.052062004804611206,5.330402374267578
37,120,0.41571685506237877,0.4446573257446289,0.17769184708595276,0.03869428485631943,0.051795706152915955,0.05477271229028702,5.334788799285889
