seed,cohort,channel,target_households,annual_real_median_kwh,annual_synthetic_median_kwh,annual_w1_kwh,annual_w1_over_real_median,mean_calendar_month_w1_kwh,zero_month_rate_real,zero_month_rate_synthetic
11,solar,total_consumption_kwh,360,6644.2835,6490.5849609375,439.8817331538447,0.06620454006121876,33.73274783469305,0.0,0.0
11,solar,controlled_kwh,360,0.0,124.18583679199219,303.741685936456,,23.632705647912143,0.5616512345679012,0.5214506172839506
11,solar,generation_kwh,360,2185.0665,2224.8193359375,272.182962862707,0.124565070611218,23.575014832616144,0.009953703703703704,0.0
11,non-solar,total_consumption_kwh,609,6378.9220000000005,5336.525390625,856.6532777149723,0.13429436473983727,65.12186683824329,0.0049261083743842365,0.0
11,non-solar,controlled_kwh,609,0.0,105.245361328125,479.66981404193166,,37.8479178759742,0.5234446268929027,0.5439700784528371
23,solar,total_consumption_kwh,360,6644.2835,6231.916015625,837.0528675437648,0.12598090788025,64.03166231807661,0.0,0.0
23,solar,controlled_kwh,360,0.0,84.85539245605469,353.3453410703322,,27.78119120594158,0.5616512345679012,0.5304783950617284
23,solar,generation_kwh,360,2185.0665,2169.96923828125,233.1222968155473,0.10668887963617917,21.564219853047973,0.009953703703703704,0.0
23,non-solar,total_consumption_kwh,609,6378.9220000000005,5586.087890625,606.4731613399374,0.09507455355935335,47.45127560384996,0.0049261083743842365,0.0
23,non-solar,controlled_kwh,609,0.0,99.88970947265625,390.3241485483918,,30.190955722740213,0.5234446268929027,0.5344371465061121
37,solar,total_consumption_kwh,360,6644.2835,6490.6298828125,284.92251941596135,0.04288235434504885,23.574634682059582,0.0,0.0
37,solar,controlled_kwh,360,0.0,166.23483276367188,247.14101372861026,,20.11648663607777,0.5616512345679012,0.49699074074074073
37,solar,generation_kwh,360,2185.0665,2188.884765625,285.51605734478954,0.13066698763849502,26.06679763458511,0.009953703703703704,0.0
37,non-solar,total_consumption_kwh,609,6378.9220000000005,5669.970703125,611.9553230591151,0.09593397176813184,47.80041592763711,0.0049261083743842365,0.0
37,non-solar,controlled_kwh,609,0.0,207.78521728515625,330.88108047580636,,27.06829022115646,0.5234446268929027,0.486498814085021
